PointName,TimeStamp,Status,Value
data:FromIoTWorX.Motor Speed,20201015T15:47:09.919,2147483648,
data:FromIoTWorX.Motor Speed,20201015T15:47:25.134,2147483648,
data:FromIoTWorX.Motor Speed,20201015T15:47:40.368,2147483648,
data:FromIoTWorX.Motor Speed,20201015T15:47:55.590,2147483648,
data:FromIoTWorX.Motor Speed,20201015T15:48:10.303,2147483648,
data:FromIoTWorX.Motor Speed,20201015T15:48:25.490,2147483648,
data:FromIoTWorX.Motor Speed,20201015T15:48:40.665,2147483648,
data:FromIoTWorX.Motor Speed,20201015T15:48:55.779,2147483648,
data:FromIoTWorX.Motor Speed,20201015T15:49:10.980,2147483648,
data:FromIoTWorX.Motor Speed,20201015T15:49:26.181,2147483648,
data:FromIoTWorX.Motor Speed,20201015T15:49:41.339,2147483648,
data:FromIoTWorX.Motor Speed,20201015T15:49:56.105,2147483648,
data:FromIoTWorX.Motor Speed,20201015T15:50:11.394,2147483648,
data:FromIoTWorX.Motor Speed,20201015T15:50:26.573,2147483648,
data:FromIoTWorX.Motor Speed,20201015T15:50:41.711,2147483648,
data:FromIoTWorX.Motor Speed,20201015T15:50:56.864,2147483648,
data:FromIoTWorX.Motor Speed,20201015T15:51:11.525,2147483648,
data:FromIoTWorX.Motor Speed,20201015T15:51:26.759,2147483648,
data:FromIoTWorX.Motor Speed,20201015T15:51:41.928,2147483648,
data:FromIoTWorX.Motor Speed,20201015T15:51:57.114,2147483648,
data:FromIoTWorX.Motor Speed,20201015T15:52:12.331,2147483648,
data:FromIoTWorX.Motor Speed,20201015T15:52:27.489,2147483648,
data:FromIoTWorX.Motor Speed,20201015T15:52:42.251,2147483648,
data:FromIoTWorX.Motor Speed,20201015T15:52:57.375,2147483648,
data:FromIoTWorX.Motor Speed,20201015T15:53:12.533,2147483648,
data:FromIoTWorX.Motor Speed,20201015T15:53:27.692,2147483648,
data:FromIoTWorX.Motor Speed,20201015T15:53:42.915,2147483648,
data:FromIoTWorX.Motor Speed,20201015T15:53:58.125,2147483648,
data:FromIoTWorX.Motor Speed,20201015T15:54:12.844,2147483648,
data:FromIoTWorX.Motor Speed,20201015T15:54:28.015,2147483648,
data:FromIoTWorX.Motor Speed,20201015T15:54:43.194,2147483648,
data:FromIoTWorX.Motor Speed,20201015T15:54:58.390,2147483648,
data:FromIoTWorX.Motor Speed,20201015T15:55:13.086,2147483648,
data:FromIoTWorX.Motor Speed,20201015T15:55:28.282,2147483648,
data:FromIoTWorX.Motor Speed,20201015T15:56:02.732,2147483648,
data:FromIoTWorX.Motor Speed,20201015T15:56:17.928,2147483648,
data:FromIoTWorX.Motor Speed,20201015T15:56:33.093,2147483648,
data:FromIoTWorX.Motor Speed,20201015T15:56:47.799,2147483648,
data:FromIoTWorX.Motor Speed,20201015T15:57:03.003,2147483648,
data:FromIoTWorX.Motor Speed,20201015T15:57:18.158,2147483648,
data:FromIoTWorX.Motor Speed,20201015T15:57:33.371,2147483648,
data:FromIoTWorX.Motor Speed,20201015T15:57:48.593,2147483648,
data:FromIoTWorX.Motor Speed,20201015T15:58:03.746,2147483648,
data:FromIoTWorX.Motor Speed,20201015T15:58:18.455,2147483648,
data:FromIoTWorX.Motor Speed,20201015T15:58:33.672,2147483648,
data:FromIoTWorX.Motor Speed,20201015T15:58:48.920,2147483648,
data:FromIoTWorX.Motor Speed,20201015T15:59:04.122,2147483648,
data:FromIoTWorX.Motor Speed,20201015T15:59:18.783,2147483648,
data:FromIoTWorX.Motor Speed,20201015T15:59:33.982,2147483648,
data:FromIoTWorX.Motor Speed,20201015T15:59:49.184,2147483648,
data:FromIoTWorX.Motor Speed,20201015T16:00:04.356,2147483648,
data:FromIoTWorX.Motor Speed,20201015T16:00:19.549,2147483648,
data:FromIoTWorX.Motor Speed,20201015T16:00:34.683,2147483648,
data:FromIoTWorX.Motor Speed,20201015T16:00:49.434,2147483648,
data:FromIoTWorX.Motor Speed,20201015T16:01:04.605,2147483648,
data:FromIoTWorX.Motor Speed,20201015T16:01:19.809,2147483648,
data:FromIoTWorX.Motor Speed,20201015T16:01:34.998,2147483648,
data:FromIoTWorX.Motor Speed,20201015T16:01:50.127,2147483648,
data:FromIoTWorX.Motor Speed,20201015T16:02:05.311,2147483648,
data:FromIoTWorX.Motor Speed,20201015T16:02:20.589,2147483648,
data:FromIoTWorX.Motor Speed,20201015T16:02:35.837,2147483648,
data:FromIoTWorX.Motor Speed,20201015T16:02:50.520,2147483648,
data:FromIoTWorX.Motor Speed,20201015T16:03:05.681,2147483648,
data:FromIoTWorX.Motor Speed,20201015T16:03:20.873,2147483648,
data:FromIoTWorX.Motor Speed,20201015T16:03:36.057,2147483648,
data:FromIoTWorX.Motor Speed,20201015T16:03:51.260,2147483648,
data:FromIoTWorX.Motor Speed,20201015T16:04:06.425,2147483648,
data:FromIoTWorX.Motor Speed,20201015T16:04:21.608,2147483648,
data:FromIoTWorX.Motor Speed,20201015T16:04:36.324,2147483648,
data:FromIoTWorX.Motor Speed,20201015T16:04:51.511,2147483648,
data:FromIoTWorX.Motor Speed,20201015T16:05:06.679,2147483648,
data:FromIoTWorX.Motor Speed,20201015T16:05:21.997,2147483648,
data:FromIoTWorX.Motor Speed,20201015T16:05:57.490,2147483648,
data:FromIoTWorX.Motor Speed,20201015T16:06:13.201,2147483648,
data:FromIoTWorX.Motor Speed,20201015T16:06:28.384,2147483648,
data:FromIoTWorX.Motor Speed,20201015T16:06:43.056,2147483648,
data:FromIoTWorX.Motor Speed,20201015T16:06:58.241,2147483648,
data:FromIoTWorX.Motor Speed,20201015T16:07:13.444,2147483648,
data:FromIoTWorX.Motor Speed,20201015T16:07:28.604,2147483648,
data:FromIoTWorX.Motor Speed,20201015T16:07:43.764,2147483648,
data:FromIoTWorX.Motor Speed,20201015T16:07:58.411,2147483648,
data:FromIoTWorX.Motor Speed,20201015T16:08:13.585,2147483648,
data:FromIoTWorX.Motor Speed,20201015T16:08:28.816,2147483648,
data:FromIoTWorX.Motor Speed,20201015T16:08:43.974,2147483648,
data:FromIoTWorX.Motor Speed,20201015T16:08:59.194,2147483648,
data:FromIoTWorX.Motor Speed,20201015T16:09:14.444,2147483648,
data:FromIoTWorX.Motor Speed,20201015T16:09:29.144,2147483648,
data:FromIoTWorX.Motor Speed,20201015T16:09:44.302,2147483648,
data:FromIoTWorX.Motor Speed,20201015T16:09:59.465,2147483648,
data:FromIoTWorX.Motor Speed,20201015T16:10:14.696,2147483648,
data:FromIoTWorX.Motor Speed,20201015T16:10:29.845,2147483648,
data:FromIoTWorX.Motor Speed,20201015T16:10:45.034,2147483648,
data:FromIoTWorX.Motor Speed,20201015T16:10:59.696,2147483648,
data:FromIoTWorX.Motor Speed,20201015T16:11:14.870,2147483648,
data:FromIoTWorX.Motor Speed,20201015T16:11:30.020,2147483648,
data:FromIoTWorX.Motor Speed,20201015T16:11:45.172,2147483648,
data:FromIoTWorX.Motor Speed,20201015T16:12:00.456,2147483648,
data:FromIoTWorX.Motor Speed,20201015T16:12:15.144,2147483648,
data:FromIoTWorX.Motor Speed,20201015T16:12:30.344,2147483648,
data:FromIoTWorX.Motor Speed,20201015T16:12:45.541,2147483648,
data:FromIoTWorX.Motor Speed,20201015T16:13:00.784,2147483648,
data:FromIoTWorX.Motor Speed,20201015T16:13:15.930,2147483648,
data:FromIoTWorX.Motor Speed,20201015T16:13:30.602,2147483648,
data:FromIoTWorX.Motor Speed,20201015T16:13:45.784,2147483648,
data:FromIoTWorX.Motor Speed,20201015T16:14:00.920,2147483648,
data:FromIoTWorX.Motor Speed,20201015T16:14:16.098,2147483648,
data:FromIoTWorX.Motor Speed,20201015T16:14:31.275,2147483648,
data:FromIoTWorX.Motor Speed,20201015T16:14:46.439,2147483648,
data:FromIoTWorX.Motor Speed,20201015T16:15:01.629,2147483648,
data:FromIoTWorX.Motor Speed,20201015T16:15:16.282,2147483648,
data:FromIoTWorX.Motor Speed,20201015T16:15:31.458,2147483648,
data:FromIoTWorX.Motor Speed,20201015T16:15:46.577,2147483648,
data:FromIoTWorX.Accumulated_Operation_Minutes,20201015T16:15:01.631,2147483648,
data:FromIoTWorX.Accumulated_Operation_Minutes,20201015T16:15:16.294,2147483648,
data:FromIoTWorX.Accumulated_Operation_Minutes,20201015T16:15:31.460,2147483648,
data:FromIoTWorX.Accumulated_Operation_Minutes,20201015T16:15:46.585,2147483648,
data:FromIoTWorX.DC Bus Voltage,20201015T16:15:01.630,2147483648,
data:FromIoTWorX.DC Bus Voltage,20201015T16:15:16.290,2147483648,
data:FromIoTWorX.DC Bus Voltage,20201015T16:15:31.459,2147483648,
data:FromIoTWorX.DC Bus Voltage,20201015T16:15:46.582,2147483648,
data:FromIoTWorX.Frequency Command CMD,20201015T16:15:01.630,2147483648,
data:FromIoTWorX.Frequency Command CMD,20201015T16:15:16.292,2147483648,
data:FromIoTWorX.Frequency Command CMD,20201015T16:15:31.459,2147483648,
data:FromIoTWorX.Frequency Command CMD,20201015T16:15:46.583,2147483648,
data:FromIoTWorX.Motor Speed,20201015T16:16:01.694,2147483648,
data:FromIoTWorX.Motor Speed,20201015T16:16:16.825,2147483648,
data:FromIoTWorX.Motor Speed,20201015T16:16:31.987,2147483648,
data:FromIoTWorX.Motor Speed,20201015T16:16:47.168,2147483648,
data:FromIoTWorX.Accumulated_Operation_Minutes,20201015T16:16:01.699,2147483648,
data:FromIoTWorX.Accumulated_Operation_Minutes,20201015T16:16:16.831,2147483648,
data:FromIoTWorX.Accumulated_Operation_Minutes,20201015T16:16:31.990,2147483648,
data:FromIoTWorX.Accumulated_Operation_Minutes,20201015T16:16:47.173,2147483648,
data:FromIoTWorX.DC Bus Voltage,20201015T16:16:01.696,2147483648,
data:FromIoTWorX.DC Bus Voltage,20201015T16:16:16.830,2147483648,
data:FromIoTWorX.DC Bus Voltage,20201015T16:16:31.987,2147483648,
data:FromIoTWorX.DC Bus Voltage,20201015T16:16:47.169,2147483648,
data:FromIoTWorX.Frequency Command CMD,20201015T16:16:01.697,2147483648,
data:FromIoTWorX.Frequency Command CMD,20201015T16:16:16.830,2147483648,
data:FromIoTWorX.Frequency Command CMD,20201015T16:16:31.990,2147483648,
data:FromIoTWorX.Frequency Command CMD,20201015T16:16:47.172,2147483648,
data:FromIoTWorX.Power Consumed,20201015T16:16:01.702,2147483648,
data:FromIoTWorX.Power Consumed,20201015T16:16:16.833,2147483648,
data:FromIoTWorX.Power Consumed,20201015T16:16:31.991,2147483648,
data:FromIoTWorX.Power Consumed,20201015T16:16:47.174,2147483648,
data:FromIoTWorX.Motor Speed,20201015T16:17:02.342,2147483648,
data:FromIoTWorX.Motor Speed,20201015T16:17:16.987,2147483648,
data:FromIoTWorX.Motor Speed,20201015T16:17:32.157,2147483648,
data:FromIoTWorX.Motor Speed,20201015T16:17:47.404,2147483648,
data:FromIoTWorX.Accumulated_Operation_Minutes,20201015T16:17:02.354,2147483648,
data:FromIoTWorX.Accumulated_Operation_Minutes,20201015T16:17:16.990,2147483648,
data:FromIoTWorX.Accumulated_Operation_Minutes,20201015T16:17:32.161,2147483648,
data:FromIoTWorX.Accumulated_Operation_Minutes,20201015T16:17:47.417,2147483648,
data:FromIoTWorX.DC Bus Voltage,20201015T16:17:02.344,2147483648,
data:FromIoTWorX.DC Bus Voltage,20201015T16:17:16.988,2147483648,
data:FromIoTWorX.DC Bus Voltage,20201015T16:17:32.158,2147483648,
data:FromIoTWorX.DC Bus Voltage,20201015T16:17:47.414,2147483648,
data:FromIoTWorX.Frequency Command CMD,20201015T16:17:02.352,2147483648,
data:FromIoTWorX.Frequency Command CMD,20201015T16:17:16.989,2147483648,
data:FromIoTWorX.Frequency Command CMD,20201015T16:17:32.158,2147483648,
data:FromIoTWorX.Frequency Command CMD,20201015T16:17:47.415,2147483648,
data:FromIoTWorX.Power Consumed,20201015T16:17:02.357,2147483648,
data:FromIoTWorX.Power Consumed,20201015T16:17:16.992,2147483648,
data:FromIoTWorX.Power Consumed,20201015T16:17:32.162,2147483648,
data:FromIoTWorX.Power Consumed,20201015T16:17:47.420,2147483648,
data:FromIoTWorX.Motor Speed,20201015T16:18:02.620,2147483648,
data:FromIoTWorX.Motor Speed,20201015T16:18:17.876,2147483648,
data:FromIoTWorX.Motor Speed,20201015T16:18:32.544,2147483648,
data:FromIoTWorX.Motor Speed,20201015T16:18:47.749,2147483648,
data:FromIoTWorX.Accumulated_Operation_Minutes,20201015T16:18:02.624,2147483648,
data:FromIoTWorX.Accumulated_Operation_Minutes,20201015T16:18:17.881,2147483648,
data:FromIoTWorX.Accumulated_Operation_Minutes,20201015T16:18:32.556,2147483648,
data:FromIoTWorX.Accumulated_Operation_Minutes,20201015T16:18:47.754,2147483648,
data:FromIoTWorX.DC Bus Voltage,20201015T16:18:02.623,2147483648,
data:FromIoTWorX.DC Bus Voltage,20201015T16:18:17.880,2147483648,
data:FromIoTWorX.DC Bus Voltage,20201015T16:18:32.546,2147483648,
data:FromIoTWorX.DC Bus Voltage,20201015T16:18:47.751,2147483648,
data:FromIoTWorX.Frequency Command CMD,20201015T16:18:02.624,2147483648,
data:FromIoTWorX.Frequency Command CMD,20201015T16:18:17.880,2147483648,
data:FromIoTWorX.Frequency Command CMD,20201015T16:18:32.548,2147483648,
data:FromIoTWorX.Frequency Command CMD,20201015T16:18:47.752,2147483648,
data:FromIoTWorX.Power Consumed,20201015T16:18:02.625,2147483648,
data:FromIoTWorX.Power Consumed,20201015T16:18:17.882,2147483648,
data:FromIoTWorX.Power Consumed,20201015T16:18:32.559,2147483648,
data:FromIoTWorX.Power Consumed,20201015T16:18:47.757,2147483648,
data:FromIoTWorX.Motor Speed,20201015T16:19:02.890,2147483648,
data:FromIoTWorX.Motor Speed,20201015T16:19:18.067,2147483648,
data:FromIoTWorX.Motor Speed,20201015T16:19:33.203,2147483648,
data:FromIoTWorX.Motor Speed,20201015T16:19:48.356,2147483648,
data:FromIoTWorX.Accumulated_Operation_Minutes,20201015T16:19:02.894,2147483648,
data:FromIoTWorX.Accumulated_Operation_Minutes,20201015T16:19:18.072,2147483648,
data:FromIoTWorX.Accumulated_Operation_Minutes,20201015T16:19:33.206,2147483648,
data:FromIoTWorX.Accumulated_Operation_Minutes,20201015T16:19:48.360,2147483648,
data:FromIoTWorX.DC Bus Voltage,20201015T16:19:02.892,2147483648,
data:FromIoTWorX.DC Bus Voltage,20201015T16:19:18.069,2147483648,
data:FromIoTWorX.DC Bus Voltage,20201015T16:19:33.204,2147483648,
data:FromIoTWorX.DC Bus Voltage,20201015T16:19:48.357,2147483648,
data:FromIoTWorX.Frequency Command CMD,20201015T16:19:02.893,2147483648,
data:FromIoTWorX.Frequency Command CMD,20201015T16:19:18.070,2147483648,
data:FromIoTWorX.Frequency Command CMD,20201015T16:19:33.205,2147483648,
data:FromIoTWorX.Frequency Command CMD,20201015T16:19:48.357,2147483648,
data:FromIoTWorX.Power Consumed,20201015T16:19:02.895,2147483648,
data:FromIoTWorX.Power Consumed,20201015T16:19:18.075,2147483648,
data:FromIoTWorX.Power Consumed,20201015T16:19:33.208,2147483648,
data:FromIoTWorX.Power Consumed,20201015T16:19:48.361,2147483648,
data:FromIoTWorX.Motor Speed,20201015T16:20:03.525,2147483648,
data:FromIoTWorX.Motor Speed,20201015T16:20:18.680,2147483648,
data:FromIoTWorX.Motor Speed,20201015T16:20:33.863,2147483648,
data:FromIoTWorX.Motor Speed,20201015T16:20:49.102,2147483648,
data:FromIoTWorX.Motor Speed,20201015T16:21:03.794,2147483648,
data:FromIoTWorX.Motor Speed,20201015T16:21:19.013,2147483648,
data:FromIoTWorX.Motor Speed,20201015T16:21:34.261,2147483648,
data:FromIoTWorX.Motor Speed,20201015T16:21:49.400,2147483648,
data:FromIoTWorX.Motor Speed,20201015T16:21:49.401,2157641728,
data:FromIoTWorX.Accumulated_Operation_Minutes,20201015T16:20:03.530,2147483648,
data:FromIoTWorX.Accumulated_Operation_Minutes,20201015T16:20:18.682,2147483648,
data:FromIoTWorX.Accumulated_Operation_Minutes,20201015T16:20:33.868,2147483648,
data:FromIoTWorX.Accumulated_Operation_Minutes,20201015T16:20:49.105,2147483648,
data:FromIoTWorX.Accumulated_Operation_Minutes,20201015T16:21:03.796,2147483648,
data:FromIoTWorX.Accumulated_Operation_Minutes,20201015T16:21:19.016,2147483648,
data:FromIoTWorX.Accumulated_Operation_Minutes,20201015T16:21:34.263,2147483648,
data:FromIoTWorX.Accumulated_Operation_Minutes,20201015T16:21:49.404,2147483648,
data:FromIoTWorX.Accumulated_Operation_Minutes,20201015T16:21:49.405,2157641728,
data:FromIoTWorX.DC Bus Voltage,20201015T16:20:03.528,2147483648,
data:FromIoTWorX.DC Bus Voltage,20201015T16:20:18.681,2147483648,
data:FromIoTWorX.DC Bus Voltage,20201015T16:20:33.865,2147483648,
data:FromIoTWorX.DC Bus Voltage,20201015T16:20:49.102,2147483648,
data:FromIoTWorX.DC Bus Voltage,20201015T16:21:03.795,2147483648,
data:FromIoTWorX.DC Bus Voltage,20201015T16:21:19.014,2147483648,
data:FromIoTWorX.DC Bus Voltage,20201015T16:21:34.262,2147483648,
data:FromIoTWorX.DC Bus Voltage,20201015T16:21:49.401,2147483648,
data:FromIoTWorX.DC Bus Voltage,20201015T16:21:49.402,2157641728,
data:FromIoTWorX.Frequency Command CMD,20201015T16:20:03.529,2147483648,
data:FromIoTWorX.Frequency Command CMD,20201015T16:20:18.681,2147483648,
data:FromIoTWorX.Frequency Command CMD,20201015T16:20:33.866,2147483648,
data:FromIoTWorX.Frequency Command CMD,20201015T16:20:49.104,2147483648,
data:FromIoTWorX.Frequency Command CMD,20201015T16:21:03.795,2147483648,
data:FromIoTWorX.Frequency Command CMD,20201015T16:21:19.015,2147483648,
data:FromIoTWorX.Frequency Command CMD,20201015T16:21:34.262,2147483648,
data:FromIoTWorX.Frequency Command CMD,20201015T16:21:49.401,2147483648,
data:FromIoTWorX.Frequency Command CMD,20201015T16:21:49.402,2157641728,
data:FromIoTWorX.Power Consumed,20201015T16:20:03.532,2147483648,
data:FromIoTWorX.Power Consumed,20201015T16:20:18.686,2147483648,
data:FromIoTWorX.Power Consumed,20201015T16:20:33.871,2147483648,
data:FromIoTWorX.Power Consumed,20201015T16:20:49.106,2147483648,
data:FromIoTWorX.Power Consumed,20201015T16:21:03.797,2147483648,
data:FromIoTWorX.Power Consumed,20201015T16:21:19.022,2147483648,
data:FromIoTWorX.Power Consumed,20201015T16:21:34.264,2147483648,
data:FromIoTWorX.Power Consumed,20201015T16:21:49.405,2147483648,
data:FromIoTWorX.Power Consumed,20201015T16:21:49.406,2157641728,
data:FromIoTWorX.Motor Speed,20201015T16:22:04.683,2147483648,
data:FromIoTWorX.Motor Speed,20201015T16:22:19.445,2147483648,
data:FromIoTWorX.Motor Speed,20201015T16:22:34.694,2147483648,
data:FromIoTWorX.Motor Speed,20201015T16:22:49.899,2147483648,
data:FromIoTWorX.Accumulated_Operation_Minutes,20201015T16:22:04.689,2147483648,
data:FromIoTWorX.Accumulated_Operation_Minutes,20201015T16:22:19.457,2147483648,
data:FromIoTWorX.Accumulated_Operation_Minutes,20201015T16:22:34.704,2147483648,
data:FromIoTWorX.Accumulated_Operation_Minutes,20201015T16:22:49.902,2147483648,
data:FromIoTWorX.DC Bus Voltage,20201015T16:22:04.684,2147483648,
data:FromIoTWorX.DC Bus Voltage,20201015T16:22:19.454,2147483648,
data:FromIoTWorX.DC Bus Voltage,20201015T16:22:34.701,2147483648,
data:FromIoTWorX.DC Bus Voltage,20201015T16:22:49.900,2147483648,
data:FromIoTWorX.Frequency Command CMD,20201015T16:22:04.684,2147483648,
data:FromIoTWorX.Frequency Command CMD,20201015T16:22:19.455,2147483648,
data:FromIoTWorX.Frequency Command CMD,20201015T16:22:34.702,2147483648,
data:FromIoTWorX.Frequency Command CMD,20201015T16:22:49.901,2147483648,
data:FromIoTWorX.Power Consumed,20201015T16:22:04.690,2147483648,
data:FromIoTWorX.Power Consumed,20201015T16:22:19.458,2147483648,
data:FromIoTWorX.Power Consumed,20201015T16:22:34.707,2147483648,
data:FromIoTWorX.Power Consumed,20201015T16:22:49.906,2147483648,
data:FromIoTWorX.Motor Speed,20201015T16:23:04.635,2147483648,
data:FromIoTWorX.Motor Speed,20201015T16:23:19.854,2147483648,
data:FromIoTWorX.Motor Speed,20201015T16:23:35.070,2147483648,
data:FromIoTWorX.Motor Speed,20201015T16:23:50.262,2147483648,
data:FromIoTWorX.Accumulated_Operation_Minutes,20201015T16:23:04.639,2147483648,
data:FromIoTWorX.Accumulated_Operation_Minutes,20201015T16:23:19.858,2147483648,
data:FromIoTWorX.Accumulated_Operation_Minutes,20201015T16:23:35.076,2147483648,
data:FromIoTWorX.Accumulated_Operation_Minutes,20201015T16:23:50.265,2147483648,
data:FromIoTWorX.DC Bus Voltage,20201015T16:23:04.638,2147483648,
data:FromIoTWorX.DC Bus Voltage,20201015T16:23:19.855,2147483648,
data:FromIoTWorX.DC Bus Voltage,20201015T16:23:35.071,2147483648,
data:FromIoTWorX.DC Bus Voltage,20201015T16:23:50.262,2147483648,
data:FromIoTWorX.Frequency Command CMD,20201015T16:23:04.638,2147483648,
data:FromIoTWorX.Frequency Command CMD,20201015T16:23:19.857,2147483648,
data:FromIoTWorX.Frequency Command CMD,20201015T16:23:35.072,2147483648,
data:FromIoTWorX.Frequency Command CMD,20201015T16:23:50.263,2147483648,
data:FromIoTWorX.Power Consumed,20201015T16:23:04.640,2147483648,
data:FromIoTWorX.Power Consumed,20201015T16:23:19.859,2147483648,
data:FromIoTWorX.Power Consumed,20201015T16:23:35.077,2147483648,
data:FromIoTWorX.Power Consumed,20201015T16:23:50.266,2147483648,
data:FromIoTWorX.Motor Speed,20201015T16:24:05.419,2147483648,
data:FromIoTWorX.Motor Speed,20201015T16:24:20.076,2147483648,
data:FromIoTWorX.Motor Speed,20201015T16:24:35.257,2147483648,
data:FromIoTWorX.Motor Speed,20201015T16:24:50.396,2147483648,
data:FromIoTWorX.Accumulated_Operation_Minutes,20201015T16:24:05.424,2147483648,
data:FromIoTWorX.Accumulated_Operation_Minutes,20201015T16:24:20.082,2147483648,
data:FromIoTWorX.Accumulated_Operation_Minutes,20201015T16:24:35.260,2147483648,
data:FromIoTWorX.Accumulated_Operation_Minutes,20201015T16:24:50.408,2147483648,
data:FromIoTWorX.DC Bus Voltage,20201015T16:24:05.422,2147483648,
data:FromIoTWorX.DC Bus Voltage,20201015T16:24:20.077,2147483648,
data:FromIoTWorX.DC Bus Voltage,20201015T16:24:35.259,2147483648,
data:FromIoTWorX.DC Bus Voltage,20201015T16:24:50.404,2147483648,
data:FromIoTWorX.Frequency Command CMD,20201015T16:24:05.423,2147483648,
data:FromIoTWorX.Frequency Command CMD,20201015T16:24:20.078,2147483648,
data:FromIoTWorX.Frequency Command CMD,20201015T16:24:35.260,2147483648,
data:FromIoTWorX.Frequency Command CMD,20201015T16:24:50.405,2147483648,
data:FromIoTWorX.Power Consumed,20201015T16:24:05.424,2147483648,
data:FromIoTWorX.Power Consumed,20201015T16:24:20.084,2147483648,
data:FromIoTWorX.Power Consumed,20201015T16:24:35.261,2147483648,
data:FromIoTWorX.Power Consumed,20201015T16:24:50.411,2147483648,
data:FromIoTWorX.Motor Speed,20201015T16:25:05.640,2147483648,
data:FromIoTWorX.Motor Speed,20201015T16:25:20.760,2147483648,
data:FromIoTWorX.Motor Speed,20201015T16:25:35.932,2147483648,
data:FromIoTWorX.Motor Speed,20201015T16:25:51.087,2147483648,
data:FromIoTWorX.Accumulated_Operation_Minutes,20201015T16:25:05.645,2147483648,
data:FromIoTWorX.Accumulated_Operation_Minutes,20201015T16:25:20.772,2147483648,
data:FromIoTWorX.Accumulated_Operation_Minutes,20201015T16:25:35.933,2147483648,
data:FromIoTWorX.Accumulated_Operation_Minutes,20201015T16:25:51.091,2147483648,
data:FromIoTWorX.DC Bus Voltage,20201015T16:25:05.642,2147483648,
data:FromIoTWorX.DC Bus Voltage,20201015T16:25:20.762,2147483648,
data:FromIoTWorX.DC Bus Voltage,20201015T16:25:35.932,2147483648,
data:FromIoTWorX.DC Bus Voltage,20201015T16:25:51.088,2147483648,
data:FromIoTWorX.Frequency Command CMD,20201015T16:25:05.644,2147483648,
data:FromIoTWorX.Frequency Command CMD,20201015T16:25:20.764,2147483648,
data:FromIoTWorX.Frequency Command CMD,20201015T16:25:35.932,2147483648,
data:FromIoTWorX.Frequency Command CMD,20201015T16:25:51.090,2147483648,
data:FromIoTWorX.Power Consumed,20201015T16:25:05.648,2147483648,
data:FromIoTWorX.Power Consumed,20201015T16:25:20.775,2147483648,
data:FromIoTWorX.Power Consumed,20201015T16:25:35.934,2147483648,
data:FromIoTWorX.Power Consumed,20201015T16:25:51.092,2147483648,
data:FromIoTWorX.Motor Speed,20201015T16:26:05.755,2147483648,
data:FromIoTWorX.Motor Speed,20201015T16:26:20.977,2147483648,
data:FromIoTWorX.Motor Speed,20201015T16:26:36.206,2147483648,
data:FromIoTWorX.Motor Speed,20201015T16:26:51.485,2147483648,
data:FromIoTWorX.Accumulated_Operation_Minutes,20201015T16:26:05.764,2147483648,
data:FromIoTWorX.Accumulated_Operation_Minutes,20201015T16:26:20.979,2147483648,
data:FromIoTWorX.Accumulated_Operation_Minutes,20201015T16:26:36.210,2147483648,
data:FromIoTWorX.Accumulated_Operation_Minutes,20201015T16:26:51.490,2147483648,
data:FromIoTWorX.DC Bus Voltage,20201015T16:26:05.756,2147483648,
data:FromIoTWorX.DC Bus Voltage,20201015T16:26:20.978,2147483648,
data:FromIoTWorX.DC Bus Voltage,20201015T16:26:36.209,2147483648,
data:FromIoTWorX.DC Bus Voltage,20201015T16:26:51.486,2147483648,
data:FromIoTWorX.Frequency Command CMD,20201015T16:26:05.762,2147483648,
data:FromIoTWorX.Frequency Command CMD,20201015T16:26:20.978,2147483648,
data:FromIoTWorX.Frequency Command CMD,20201015T16:26:36.210,2147483648,
data:FromIoTWorX.Frequency Command CMD,20201015T16:26:51.488,2147483648,
data:FromIoTWorX.Power Consumed,20201015T16:26:05.766,2147483648,
data:FromIoTWorX.Power Consumed,20201015T16:26:20.980,2147483648,
data:FromIoTWorX.Power Consumed,20201015T16:26:36.211,2147483648,
data:FromIoTWorX.Power Consumed,20201015T16:26:51.498,2147483648,
data:FromIoTWorX.Motor Speed,20201015T16:27:06.147,2147483648,
data:FromIoTWorX.Motor Speed,20201015T16:27:21.286,2147483648,
data:FromIoTWorX.Motor Speed,20201015T16:27:36.414,2147483648,
data:FromIoTWorX.Motor Speed,20201015T16:27:51.584,2147483648,
data:FromIoTWorX.Accumulated_Operation_Minutes,20201015T16:27:06.154,2147483648,
data:FromIoTWorX.Accumulated_Operation_Minutes,20201015T16:27:21.289,2147483648,
data:FromIoTWorX.Accumulated_Operation_Minutes,20201015T16:27:36.422,2147483648,
data:FromIoTWorX.Accumulated_Operation_Minutes,20201015T16:27:51.590,2147483648,
data:FromIoTWorX.DC Bus Voltage,20201015T16:27:06.152,2147483648,
data:FromIoTWorX.DC Bus Voltage,20201015T16:27:21.287,2147483648,
data:FromIoTWorX.DC Bus Voltage,20201015T16:27:36.415,2147483648,
data:FromIoTWorX.DC Bus Voltage,20201015T16:27:51.585,2147483648,
data:FromIoTWorX.Frequency Command CMD,20201015T16:27:06.153,2147483648,
data:FromIoTWorX.Frequency Command CMD,20201015T16:27:21.288,2147483648,
data:FromIoTWorX.Frequency Command CMD,20201015T16:27:36.420,2147483648,
data:FromIoTWorX.Frequency Command CMD,20201015T16:27:51.585,2147483648,
data:FromIoTWorX.Power Consumed,20201015T16:27:06.155,2147483648,
data:FromIoTWorX.Power Consumed,20201015T16:27:21.291,2147483648,
data:FromIoTWorX.Power Consumed,20201015T16:27:36.424,2147483648,
data:FromIoTWorX.Power Consumed,20201015T16:27:51.591,2147483648,
data:FromIoTWorX.Motor Speed,20201015T16:28:06.789,2147483648,
data:FromIoTWorX.Motor Speed,20201015T16:28:21.949,2147483648,
data:FromIoTWorX.Motor Speed,20201015T16:28:37.137,2147483648,
data:FromIoTWorX.Motor Speed,20201015T16:28:51.866,2147483648,
data:FromIoTWorX.Accumulated_Operation_Minutes,20201015T16:28:06.791,2147483648,
data:FromIoTWorX.Accumulated_Operation_Minutes,20201015T16:28:21.952,2147483648,
data:FromIoTWorX.Accumulated_Operation_Minutes,20201015T16:28:37.149,2147483648,
data:FromIoTWorX.Accumulated_Operation_Minutes,20201015T16:28:51.867,2147483648,
data:FromIoTWorX.DC Bus Voltage,20201015T16:28:06.790,2147483648,
data:FromIoTWorX.DC Bus Voltage,20201015T16:28:21.950,2147483648,
data:FromIoTWorX.DC Bus Voltage,20201015T16:28:37.146,2147483648,
data:FromIoTWorX.DC Bus Voltage,20201015T16:28:51.866,2147483648,
data:FromIoTWorX.Frequency Command CMD,20201015T16:28:06.790,2147483648,
data:FromIoTWorX.Frequency Command CMD,20201015T16:28:21.951,2147483648,
data:FromIoTWorX.Frequency Command CMD,20201015T16:28:37.147,2147483648,
data:FromIoTWorX.Frequency Command CMD,20201015T16:28:51.867,2147483648,
data:FromIoTWorX.Power Consumed,20201015T16:28:06.792,2147483648,
data:FromIoTWorX.Power Consumed,20201015T16:28:21.959,2147483648,
data:FromIoTWorX.Power Consumed,20201015T16:28:37.152,2147483648,
data:FromIoTWorX.Power Consumed,20201015T16:28:51.871,2147483648,
data:FromIoTWorX.Motor Speed,20201015T16:29:07.020,2147483648,
data:FromIoTWorX.Motor Speed,20201015T16:29:22.211,2147483648,
data:FromIoTWorX.Motor Speed,20201015T16:29:37.332,2147483648,
data:FromIoTWorX.Motor Speed,20201015T16:29:52.454,2147483648,
data:FromIoTWorX.Accumulated_Operation_Minutes,20201015T16:29:07.023,2147483648,
data:FromIoTWorX.Accumulated_Operation_Minutes,20201015T16:29:22.213,2147483648,
data:FromIoTWorX.Accumulated_Operation_Minutes,20201015T16:29:37.334,2147483648,
data:FromIoTWorX.Accumulated_Operation_Minutes,20201015T16:29:52.462,2147483648,
data:FromIoTWorX.DC Bus Voltage,20201015T16:29:07.021,2147483648,
data:FromIoTWorX.DC Bus Voltage,20201015T16:29:22.212,2147483648,
data:FromIoTWorX.DC Bus Voltage,20201015T16:29:37.333,2147483648,
data:FromIoTWorX.DC Bus Voltage,20201015T16:29:52.460,2147483648,
data:FromIoTWorX.Frequency Command CMD,20201015T16:29:07.022,2147483648,
data:FromIoTWorX.Frequency Command CMD,20201015T16:29:22.212,2147483648,
data:FromIoTWorX.Frequency Command CMD,20201015T16:29:37.333,2147483648,
data:FromIoTWorX.Frequency Command CMD,20201015T16:29:52.461,2147483648,
data:FromIoTWorX.Power Consumed,20201015T16:29:07.030,2147483648,
data:FromIoTWorX.Power Consumed,20201015T16:29:22.217,2147483648,
data:FromIoTWorX.Power Consumed,20201015T16:29:37.335,2147483648,
data:FromIoTWorX.Power Consumed,20201015T16:29:52.464,2147483648,
data:FromIoTWorX.Motor Speed,20201015T16:30:07.609,2147483648,
data:FromIoTWorX.Motor Speed,20201015T16:30:22.784,2147483648,
data:FromIoTWorX.Motor Speed,20201015T16:30:37.973,2147483648,
data:FromIoTWorX.Motor Speed,20201015T16:30:52.721,2147483648,
data:FromIoTWorX.Accumulated_Operation_Minutes,20201015T16:30:07.611,2147483648,
data:FromIoTWorX.Accumulated_Operation_Minutes,20201015T16:30:22.797,2147483648,
data:FromIoTWorX.Accumulated_Operation_Minutes,20201015T16:30:37.976,2147483648,
data:FromIoTWorX.Accumulated_Operation_Minutes,20201015T16:30:52.727,2147483648,
data:FromIoTWorX.DC Bus Voltage,20201015T16:30:07.610,2147483648,
data:FromIoTWorX.DC Bus Voltage,20201015T16:30:22.786,2147483648,
data:FromIoTWorX.DC Bus Voltage,20201015T16:30:37.975,2147483648,
data:FromIoTWorX.DC Bus Voltage,20201015T16:30:52.725,2147483648,
data:FromIoTWorX.Frequency Command CMD,20201015T16:30:07.610,2147483648,
data:FromIoTWorX.Frequency Command CMD,20201015T16:30:22.794,2147483648,
data:FromIoTWorX.Frequency Command CMD,20201015T16:30:37.975,2147483648,
data:FromIoTWorX.Frequency Command CMD,20201015T16:30:52.726,2147483648,
data:FromIoTWorX.Power Consumed,20201015T16:30:07.612,2147483648,
data:FromIoTWorX.Power Consumed,20201015T16:30:22.799,2147483648,
data:FromIoTWorX.Power Consumed,20201015T16:30:37.977,2147483648,
data:FromIoTWorX.Power Consumed,20201015T16:30:52.729,2147483648,
data:FromIoTWorX.Motor Speed,20201015T16:31:07.877,2147483648,
data:FromIoTWorX.Motor Speed,20201015T16:31:23.064,2147483648,
data:FromIoTWorX.Motor Speed,20201015T16:31:38.262,2147483648,
data:FromIoTWorX.Motor Speed,20201015T16:31:53.423,2147483648,
data:FromIoTWorX.Accumulated_Operation_Minutes,20201015T16:31:07.885,2147483648,
data:FromIoTWorX.Accumulated_Operation_Minutes,20201015T16:31:23.076,2147483648,
data:FromIoTWorX.Accumulated_Operation_Minutes,20201015T16:31:38.263,2147483648,
data:FromIoTWorX.Accumulated_Operation_Minutes,20201015T16:31:53.431,2147483648,
data:FromIoTWorX.DC Bus Voltage,20201015T16:31:07.883,2147483648,
data:FromIoTWorX.DC Bus Voltage,20201015T16:31:23.066,2147483648,
data:FromIoTWorX.DC Bus Voltage,20201015T16:31:38.262,2147483648,
data:FromIoTWorX.DC Bus Voltage,20201015T16:31:53.428,2147483648,
data:FromIoTWorX.Frequency Command CMD,20201015T16:31:07.884,2147483648,
data:FromIoTWorX.Frequency Command CMD,20201015T16:31:23.074,2147483648,
data:FromIoTWorX.Frequency Command CMD,20201015T16:31:38.263,2147483648,
data:FromIoTWorX.Frequency Command CMD,20201015T16:31:53.430,2147483648,
data:FromIoTWorX.Power Consumed,20201015T16:31:07.887,2147483648,
data:FromIoTWorX.Power Consumed,20201015T16:31:23.079,2147483648,
data:FromIoTWorX.Power Consumed,20201015T16:31:38.264,2147483648,
data:FromIoTWorX.Power Consumed,20201015T16:31:53.433,2147483648,
data:FromIoTWorX.Motor Speed,20201015T16:32:08.614,2147483648,
data:FromIoTWorX.Motor Speed,20201015T16:32:23.360,2147483648,
data:FromIoTWorX.Motor Speed,20201015T16:32:38.548,2147483648,
data:FromIoTWorX.Motor Speed,20201015T16:32:53.762,2147483648,
data:FromIoTWorX.Accumulated_Operation_Minutes,20201015T16:32:08.626,2147483648,
data:FromIoTWorX.Accumulated_Operation_Minutes,20201015T16:32:23.362,2147483648,
data:FromIoTWorX.Accumulated_Operation_Minutes,20201015T16:32:38.552,2147483648,
data:FromIoTWorX.Accumulated_Operation_Minutes,20201015T16:32:53.764,2147483648,
data:FromIoTWorX.DC Bus Voltage,20201015T16:32:08.616,2147483648,
data:FromIoTWorX.DC Bus Voltage,20201015T16:32:23.361,2147483648,
data:FromIoTWorX.DC Bus Voltage,20201015T16:32:38.551,2147483648,
data:FromIoTWorX.DC Bus Voltage,20201015T16:32:53.763,2147483648,
data:FromIoTWorX.Frequency Command CMD,20201015T16:32:08.624,2147483648,
data:FromIoTWorX.Frequency Command CMD,20201015T16:32:23.361,2147483648,
data:FromIoTWorX.Frequency Command CMD,20201015T16:32:38.552,2147483648,
data:FromIoTWorX.Frequency Command CMD,20201015T16:32:53.763,2147483648,
data:FromIoTWorX.Power Consumed,20201015T16:32:08.630,2147483648,
data:FromIoTWorX.Power Consumed,20201015T16:32:23.364,2147483648,
data:FromIoTWorX.Power Consumed,20201015T16:32:38.553,2147483648,
data:FromIoTWorX.Power Consumed,20201015T16:32:53.764,2147483648,
data:FromIoTWorX.Motor Speed,20201015T16:33:08.906,2147483648,
data:FromIoTWorX.Motor Speed,20201015T16:33:24.040,2147483648,
data:FromIoTWorX.Motor Speed,20201015T16:33:39.189,2147483648,
data:FromIoTWorX.Motor Speed,20201015T16:33:54.343,2147483648,
data:FromIoTWorX.Accumulated_Operation_Minutes,20201015T16:33:08.913,2147483648,
data:FromIoTWorX.Accumulated_Operation_Minutes,20201015T16:33:24.045,2147483648,
data:FromIoTWorX.Accumulated_Operation_Minutes,20201015T16:33:39.192,2147483648,
data:FromIoTWorX.Accumulated_Operation_Minutes,20201015T16:33:54.350,2147483648,
data:FromIoTWorX.DC Bus Voltage,20201015T16:33:08.907,2147483648,
data:FromIoTWorX.DC Bus Voltage,20201015T16:33:24.042,2147483648,
data:FromIoTWorX.DC Bus Voltage,20201015T16:33:39.189,2147483648,
data:FromIoTWorX.DC Bus Voltage,20201015T16:33:54.348,2147483648,
data:FromIoTWorX.Frequency Command CMD,20201015T16:33:08.912,2147483648,
data:FromIoTWorX.Frequency Command CMD,20201015T16:33:24.043,2147483648,
data:FromIoTWorX.Frequency Command CMD,20201015T16:33:39.190,2147483648,
data:FromIoTWorX.Frequency Command CMD,20201015T16:33:54.349,2147483648,
data:FromIoTWorX.Power Consumed,20201015T16:33:08.915,2147483648,
data:FromIoTWorX.Power Consumed,20201015T16:33:24.052,2147483648,
data:FromIoTWorX.Power Consumed,20201015T16:33:39.197,2147483648,
data:FromIoTWorX.Power Consumed,20201015T16:33:54.352,2147483648,
data:FromIoTWorX.Motor Speed,20201015T16:34:09.545,2147483648,
data:FromIoTWorX.Motor Speed,20201015T16:34:24.748,2147483648,
data:FromIoTWorX.Motor Speed,20201015T16:34:39.909,2147483648,
data:FromIoTWorX.Motor Speed,20201015T16:34:55.065,2147483648,
data:FromIoTWorX.Accumulated_Operation_Minutes,20201015T16:34:09.555,2147483648,
data:FromIoTWorX.Accumulated_Operation_Minutes,20201015T16:34:24.752,2147483648,
data:FromIoTWorX.Accumulated_Operation_Minutes,20201015T16:34:39.921,2147483648,
data:FromIoTWorX.Accumulated_Operation_Minutes,20201015T16:34:55.077,2147483648,
data:FromIoTWorX.DC Bus Voltage,20201015T16:34:09.553,2147483648,
data:FromIoTWorX.DC Bus Voltage,20201015T16:34:24.751,2147483648,
data:FromIoTWorX.DC Bus Voltage,20201015T16:34:39.919,2147483648,
data:FromIoTWorX.DC Bus Voltage,20201015T16:34:55.074,2147483648,
data:FromIoTWorX.Frequency Command CMD,20201015T16:34:09.554,2147483648,
data:FromIoTWorX.Frequency Command CMD,20201015T16:34:24.752,2147483648,
data:FromIoTWorX.Frequency Command CMD,20201015T16:34:39.919,2147483648,
data:FromIoTWorX.Frequency Command CMD,20201015T16:34:55.075,2147483648,
data:FromIoTWorX.Power Consumed,20201015T16:34:09.556,2147483648,
data:FromIoTWorX.Power Consumed,20201015T16:34:24.753,2147483648,
data:FromIoTWorX.Power Consumed,20201015T16:34:39.924,2147483648,
data:FromIoTWorX.Power Consumed,20201015T16:34:55.081,2147483648,
data:FromIoTWorX.Motor Speed,20201015T16:35:09.754,2147483648,
data:FromIoTWorX.Motor Speed,20201015T16:35:24.984,2147483648,
data:FromIoTWorX.Motor Speed,20201015T16:35:40.204,2147483648,
data:FromIoTWorX.Motor Speed,20201015T16:35:55.420,2147483648,
data:FromIoTWorX.Accumulated_Operation_Minutes,20201015T16:35:09.759,2147483648,
data:FromIoTWorX.Accumulated_Operation_Minutes,20201015T16:35:24.988,2147483648,
data:FromIoTWorX.Accumulated_Operation_Minutes,20201015T16:35:40.213,2147483648,
data:FromIoTWorX.Accumulated_Operation_Minutes,20201015T16:35:55.432,2147483648,
data:FromIoTWorX.DC Bus Voltage,20201015T16:35:09.755,2147483648,
data:FromIoTWorX.DC Bus Voltage,20201015T16:35:24.985,2147483648,
data:FromIoTWorX.DC Bus Voltage,20201015T16:35:40.211,2147483648,
data:FromIoTWorX.DC Bus Voltage,20201015T16:35:55.422,2147483648,
data:FromIoTWorX.Frequency Command CMD,20201015T16:35:09.758,2147483648,
data:FromIoTWorX.Frequency Command CMD,20201015T16:35:24.987,2147483648,
data:FromIoTWorX.Frequency Command CMD,20201015T16:35:40.212,2147483648,
data:FromIoTWorX.Frequency Command CMD,20201015T16:35:55.429,2147483648,
data:FromIoTWorX.Power Consumed,20201015T16:35:09.760,2147483648,
data:FromIoTWorX.Power Consumed,20201015T16:35:24.989,2147483648,
data:FromIoTWorX.Power Consumed,20201015T16:35:40.215,2147483648,
data:FromIoTWorX.Power Consumed,20201015T16:35:55.435,2147483648,
data:FromIoTWorX.Motor Speed,20201015T16:36:10.069,2147483648,
data:FromIoTWorX.Motor Speed,20201015T16:36:25.293,2147483648,
data:FromIoTWorX.Motor Speed,20201015T16:36:40.468,2147483648,
data:FromIoTWorX.Motor Speed,20201015T16:36:55.663,2147483648,
data:FromIoTWorX.Accumulated_Operation_Minutes,20201015T16:36:10.073,2147483648,
data:FromIoTWorX.Accumulated_Operation_Minutes,20201015T16:36:25.297,2147483648,
data:FromIoTWorX.Accumulated_Operation_Minutes,20201015T16:36:40.470,2147483648,
data:FromIoTWorX.Accumulated_Operation_Minutes,20201015T16:36:55.669,2147483648,
data:FromIoTWorX.DC Bus Voltage,20201015T16:36:10.070,2147483648,
data:FromIoTWorX.DC Bus Voltage,20201015T16:36:25.294,2147483648,
data:FromIoTWorX.DC Bus Voltage,20201015T16:36:40.469,2147483648,
data:FromIoTWorX.DC Bus Voltage,20201015T16:36:55.665,2147483648,
data:FromIoTWorX.Frequency Command CMD,20201015T16:36:10.071,2147483648,
data:FromIoTWorX.Frequency Command CMD,20201015T16:36:25.294,2147483648,
data:FromIoTWorX.Frequency Command CMD,20201015T16:36:40.469,2147483648,
data:FromIoTWorX.Frequency Command CMD,20201015T16:36:55.666,2147483648,
data:FromIoTWorX.Power Consumed,20201015T16:36:10.075,2147483648,
data:FromIoTWorX.Power Consumed,20201015T16:36:25.298,2147483648,
data:FromIoTWorX.Power Consumed,20201015T16:36:40.471,2147483648,
data:FromIoTWorX.Power Consumed,20201015T16:36:55.672,2147483648,
data:FromIoTWorX.Motor Speed,20201015T16:37:10.823,2147483648,
data:FromIoTWorX.Motor Speed,20201015T16:37:25.481,2147483648,
data:FromIoTWorX.Motor Speed,20201015T16:37:40.658,2147483648,
data:FromIoTWorX.Motor Speed,20201015T16:37:55.828,2147483648,
data:FromIoTWorX.Accumulated_Operation_Minutes,20201015T16:37:10.827,2147483648,
data:FromIoTWorX.Accumulated_Operation_Minutes,20201015T16:37:25.490,2147483648,
data:FromIoTWorX.Accumulated_Operation_Minutes,20201015T16:37:40.670,2147483648,
data:FromIoTWorX.Accumulated_Operation_Minutes,20201015T16:37:55.831,2147483648,
data:FromIoTWorX.DC Bus Voltage,20201015T16:37:10.824,2147483648,
data:FromIoTWorX.DC Bus Voltage,20201015T16:37:25.489,2147483648,
data:FromIoTWorX.DC Bus Voltage,20201015T16:37:40.660,2147483648,
data:FromIoTWorX.DC Bus Voltage,20201015T16:37:55.829,2147483648,
data:FromIoTWorX.Frequency Command CMD,20201015T16:37:10.827,2147483648,
data:FromIoTWorX.Frequency Command CMD,20201015T16:37:25.489,2147483648,
data:FromIoTWorX.Frequency Command CMD,20201015T16:37:40.667,2147483648,
data:FromIoTWorX.Frequency Command CMD,20201015T16:37:55.830,2147483648,
data:FromIoTWorX.Power Consumed,20201015T16:37:10.828,2147483648,
data:FromIoTWorX.Power Consumed,20201015T16:37:25.491,2147483648,
data:FromIoTWorX.Power Consumed,20201015T16:37:40.673,2147483648,
data:FromIoTWorX.Power Consumed,20201015T16:37:55.838,2147483648,
data:FromIoTWorX.Motor Speed,20201015T16:38:10.988,2147483648,
data:FromIoTWorX.Motor Speed,20201015T16:38:26.187,2147483648,
data:FromIoTWorX.Motor Speed,20201015T16:38:41.370,2147483648,
data:FromIoTWorX.Motor Speed,20201015T16:38:56.059,2147483648,
data:FromIoTWorX.Accumulated_Operation_Minutes,20201015T16:38:10.994,2147483648,
data:FromIoTWorX.Accumulated_Operation_Minutes,20201015T16:38:26.189,2147483648,
data:FromIoTWorX.Accumulated_Operation_Minutes,20201015T16:38:41.374,2147483648,
data:FromIoTWorX.Accumulated_Operation_Minutes,20201015T16:38:56.071,2147483648,
data:FromIoTWorX.DC Bus Voltage,20201015T16:38:10.992,2147483648,
data:FromIoTWorX.DC Bus Voltage,20201015T16:38:26.187,2147483648,
data:FromIoTWorX.DC Bus Voltage,20201015T16:38:41.373,2147483648,
data:FromIoTWorX.DC Bus Voltage,20201015T16:38:56.061,2147483648,
data:FromIoTWorX.Frequency Command CMD,20201015T16:38:10.993,2147483648,
data:FromIoTWorX.Frequency Command CMD,20201015T16:38:26.188,2147483648,
data:FromIoTWorX.Frequency Command CMD,20201015T16:38:41.373,2147483648,
data:FromIoTWorX.Frequency Command CMD,20201015T16:38:56.069,2147483648,
data:FromIoTWorX.Power Consumed,20201015T16:38:10.996,2147483648,
data:FromIoTWorX.Power Consumed,20201015T16:38:26.189,2147483648,
data:FromIoTWorX.Power Consumed,20201015T16:38:41.376,2147483648,
data:FromIoTWorX.Power Consumed,20201015T16:38:56.074,2147483648,
data:FromIoTWorX.Motor Speed,20201015T16:39:11.295,2147483648,
data:FromIoTWorX.Motor Speed,20201015T16:39:26.431,2147483648,
data:FromIoTWorX.Motor Speed,20201015T16:39:41.758,2147483648,
data:FromIoTWorX.Motor Speed,20201015T16:39:57.301,2147483648,
data:FromIoTWorX.Accumulated_Operation_Minutes,20201015T16:39:11.299,2147483648,
data:FromIoTWorX.Accumulated_Operation_Minutes,20201015T16:39:26.435,2147483648,
data:FromIoTWorX.Accumulated_Operation_Minutes,20201015T16:39:41.760,2147483648,
data:FromIoTWorX.Accumulated_Operation_Minutes,20201015T16:39:57.303,2147483648,
data:FromIoTWorX.DC Bus Voltage,20201015T16:39:11.296,2147483648,
data:FromIoTWorX.DC Bus Voltage,20201015T16:39:26.432,2147483648,
data:FromIoTWorX.DC Bus Voltage,20201015T16:39:41.758,2147483648,
data:FromIoTWorX.DC Bus Voltage,20201015T16:39:57.302,2147483648,
data:FromIoTWorX.Frequency Command CMD,20201015T16:39:11.297,2147483648,
data:FromIoTWorX.Frequency Command CMD,20201015T16:39:26.435,2147483648,
data:FromIoTWorX.Frequency Command CMD,20201015T16:39:41.759,2147483648,
data:FromIoTWorX.Frequency Command CMD,20201015T16:39:57.302,2147483648,
data:FromIoTWorX.Power Consumed,20201015T16:39:11.305,2147483648,
data:FromIoTWorX.Power Consumed,20201015T16:39:26.436,2147483648,
data:FromIoTWorX.Power Consumed,20201015T16:39:41.761,2147483648,
data:FromIoTWorX.Power Consumed,20201015T16:39:57.304,2147483648,
data:FromIoTWorX.Motor Speed,20201015T16:40:11.828,2147483648,
data:FromIoTWorX.Motor Speed,20201015T16:40:27.578,2147483648,
data:FromIoTWorX.Motor Speed,20201015T16:40:42.736,2147483648,
data:FromIoTWorX.Motor Speed,20201015T16:40:57.874,2147483648,
data:FromIoTWorX.Accumulated_Operation_Minutes,20201015T16:40:11.840,2147483648,
data:FromIoTWorX.Accumulated_Operation_Minutes,20201015T16:40:27.580,2147483648,
data:FromIoTWorX.Accumulated_Operation_Minutes,20201015T16:40:42.749,2147483648,
data:FromIoTWorX.Accumulated_Operation_Minutes,20201015T16:40:57.879,2147483648,
data:FromIoTWorX.DC Bus Voltage,20201015T16:40:11.836,2147483648,
data:FromIoTWorX.DC Bus Voltage,20201015T16:40:27.578,2147483648,
data:FromIoTWorX.DC Bus Voltage,20201015T16:40:42.738,2147483648,
data:FromIoTWorX.DC Bus Voltage,20201015T16:40:57.875,2147483648,
data:FromIoTWorX.Frequency Command CMD,20201015T16:40:11.838,2147483648,
data:FromIoTWorX.Frequency Command CMD,20201015T16:40:27.579,2147483648,
data:FromIoTWorX.Frequency Command CMD,20201015T16:40:42.739,2147483648,
data:FromIoTWorX.Frequency Command CMD,20201015T16:40:57.877,2147483648,
data:FromIoTWorX.Power Consumed,20201015T16:40:11.843,2147483648,
data:FromIoTWorX.Power Consumed,20201015T16:40:27.581,2147483648,
data:FromIoTWorX.Power Consumed,20201015T16:40:42.752,2147483648,
data:FromIoTWorX.Power Consumed,20201015T16:40:57.882,2147483648,
data:FromIoTWorX.Motor Speed,20201015T16:41:12.995,2147483648,
data:FromIoTWorX.Motor Speed,20201015T16:41:28.212,2147483648,
data:FromIoTWorX.Motor Speed,20201015T16:41:43.400,2147483648,
data:FromIoTWorX.Motor Speed,20201015T16:41:58.670,2147483648,
data:FromIoTWorX.Accumulated_Operation_Minutes,20201015T16:41:13.003,2147483648,
data:FromIoTWorX.Accumulated_Operation_Minutes,20201015T16:41:28.217,2147483648,
data:FromIoTWorX.Accumulated_Operation_Minutes,20201015T16:41:43.404,2147483648,
data:FromIoTWorX.Accumulated_Operation_Minutes,20201015T16:41:58.674,2147483648,
data:FromIoTWorX.DC Bus Voltage,20201015T16:41:13.000,2147483648,
data:FromIoTWorX.DC Bus Voltage,20201015T16:41:28.216,2147483648,
data:FromIoTWorX.DC Bus Voltage,20201015T16:41:43.403,2147483648,
data:FromIoTWorX.DC Bus Voltage,20201015T16:41:58.671,2147483648,
data:FromIoTWorX.Frequency Command CMD,20201015T16:41:13.001,2147483648,
data:FromIoTWorX.Frequency Command CMD,20201015T16:41:28.216,2147483648,
data:FromIoTWorX.Frequency Command CMD,20201015T16:41:43.403,2147483648,
data:FromIoTWorX.Frequency Command CMD,20201015T16:41:58.671,2147483648,
data:FromIoTWorX.Power Consumed,20201015T16:41:13.005,2147483648,
data:FromIoTWorX.Power Consumed,20201015T16:41:28.218,2147483648,
data:FromIoTWorX.Power Consumed,20201015T16:41:43.405,2147483648,
data:FromIoTWorX.Power Consumed,20201015T16:41:58.675,2147483648,
data:FromIoTWorX.Motor Speed,20201015T16:42:13.480,2147483648,
data:FromIoTWorX.Motor Speed,20201015T16:42:29.211,2147483648,
data:FromIoTWorX.Motor Speed,20201015T16:42:44.631,2147483648,
data:FromIoTWorX.Accumulated_Operation_Minutes,20201015T16:42:13.481,2147483648,
data:FromIoTWorX.Accumulated_Operation_Minutes,20201015T16:42:29.215,2147483648,
data:FromIoTWorX.Accumulated_Operation_Minutes,20201015T16:42:44.635,2147483648,
data:FromIoTWorX.DC Bus Voltage,20201015T16:42:13.480,2147483648,
data:FromIoTWorX.DC Bus Voltage,20201015T16:42:29.214,2147483648,
data:FromIoTWorX.DC Bus Voltage,20201015T16:42:44.632,2147483648,
data:FromIoTWorX.Frequency Command CMD,20201015T16:42:13.481,2147483648,
data:FromIoTWorX.Frequency Command CMD,20201015T16:42:29.214,2147483648,
data:FromIoTWorX.Frequency Command CMD,20201015T16:42:44.632,2147483648,
data:FromIoTWorX.Power Consumed,20201015T16:42:13.482,2147483648,
data:FromIoTWorX.Power Consumed,20201015T16:42:29.216,2147483648,
data:FromIoTWorX.Power Consumed,20201015T16:42:44.636,2147483648,
data:FromIoTWorX.Motor Speed,20201015T16:43:00.103,2147483648,
data:FromIoTWorX.Motor Speed,20201015T16:43:14.811,2147483648,
data:FromIoTWorX.Motor Speed,20201015T16:43:30.885,2147483648,
data:FromIoTWorX.Motor Speed,20201015T16:43:46.152,2147483648,
data:FromIoTWorX.Accumulated_Operation_Minutes,20201015T16:43:00.107,2147483648,
data:FromIoTWorX.Accumulated_Operation_Minutes,20201015T16:43:14.813,2147483648,
data:FromIoTWorX.Accumulated_Operation_Minutes,20201015T16:43:30.887,2147483648,
data:FromIoTWorX.Accumulated_Operation_Minutes,20201015T16:43:46.156,2147483648,
data:FromIoTWorX.DC Bus Voltage,20201015T16:43:00.106,2147483648,
data:FromIoTWorX.DC Bus Voltage,20201015T16:43:14.812,2147483648,
data:FromIoTWorX.DC Bus Voltage,20201015T16:43:30.886,2147483648,
data:FromIoTWorX.DC Bus Voltage,20201015T16:43:46.154,2147483648,
data:FromIoTWorX.Frequency Command CMD,20201015T16:43:00.106,2147483648,
data:FromIoTWorX.Frequency Command CMD,20201015T16:43:14.812,2147483648,
data:FromIoTWorX.Frequency Command CMD,20201015T16:43:30.886,2147483648,
data:FromIoTWorX.Frequency Command CMD,20201015T16:43:46.154,2147483648,
data:FromIoTWorX.Power Consumed,20201015T16:43:00.108,2147483648,
data:FromIoTWorX.Power Consumed,20201015T16:43:14.814,2147483648,
data:FromIoTWorX.Power Consumed,20201015T16:43:30.888,2147483648,
data:FromIoTWorX.Power Consumed,20201015T16:43:46.158,2147483648,
data:FromIoTWorX.Motor Speed,20201015T16:44:01.279,2147483648,
data:FromIoTWorX.Motor Speed,20201015T16:44:15.899,2147483648,
data:FromIoTWorX.Accumulated_Operation_Minutes,20201015T16:44:01.282,2147483648,
data:FromIoTWorX.Accumulated_Operation_Minutes,20201015T16:44:15.903,2147483648,
data:FromIoTWorX.DC Bus Voltage,20201015T16:44:01.281,2147483648,
data:FromIoTWorX.DC Bus Voltage,20201015T16:44:15.902,2147483648,
data:FromIoTWorX.Frequency Command CMD,20201015T16:44:01.282,2147483648,
data:FromIoTWorX.Frequency Command CMD,20201015T16:44:15.902,2147483648,
data:FromIoTWorX.Power Consumed,20201015T16:44:01.283,2147483648,
data:FromIoTWorX.Power Consumed,20201015T16:44:15.904,2147483648,
data:FromIoTWorX.Motor Speed,20201015T16:45:25.830,2148139008,
data:FromIoTWorX.Accumulated_Operation_Minutes,20201015T16:45:25.830,2148139008,
data:FromIoTWorX.DC Bus Voltage,20201015T16:45:25.830,2148139008,
data:FromIoTWorX.Frequency Command CMD,20201015T16:45:25.830,2148139008,
data:FromIoTWorX.Power Consumed,20201015T16:45:25.830,2148139008,
data:FromIoTWorX.Motor Speed,20201015T16:50:23.392,0,0
data:FromIoTWorX.Motor Speed,20201015T16:50:38.473,0,0
data:FromIoTWorX.Motor Speed,20201015T16:50:53.690,0,0
data:FromIoTWorX.Accumulated_Operation_Minutes,20201015T16:50:23.396,0,422
data:FromIoTWorX.Accumulated_Operation_Minutes,20201015T16:50:38.476,0,422
data:FromIoTWorX.Accumulated_Operation_Minutes,20201015T16:50:53.701,0,423
data:FromIoTWorX.DC Bus Voltage,20201015T16:50:23.393,0,312.6
data:FromIoTWorX.DC Bus Voltage,20201015T16:50:38.474,0,312.6
data:FromIoTWorX.DC Bus Voltage,20201015T16:50:53.692,0,312.6
data:FromIoTWorX.Frequency Command CMD,20201015T16:50:23.396,0,0
data:FromIoTWorX.Frequency Command CMD,20201015T16:50:38.475,0,0
data:FromIoTWorX.Frequency Command CMD,20201015T16:50:53.693,0,0
data:FromIoTWorX.Power Consumed,20201015T16:50:23.400,0,11.0657
data:FromIoTWorX.Power Consumed,20201015T16:50:38.479,0,11.0657
data:FromIoTWorX.Power Consumed,20201015T16:50:53.704,0,11.0657
data:FromIoTWorX.Motor Speed,20201015T16:51:08.888,0,0
data:FromIoTWorX.Motor Speed,20201015T16:51:23.605,0,0
data:FromIoTWorX.Motor Speed,20201015T16:51:38.808,0,0
data:FromIoTWorX.Motor Speed,20201015T16:51:54.075,0,0
data:FromIoTWorX.Accumulated_Operation_Minutes,20201015T16:51:08.896,0,423
data:FromIoTWorX.Accumulated_Operation_Minutes,20201015T16:51:23.617,0,423
data:FromIoTWorX.Accumulated_Operation_Minutes,20201015T16:51:38.820,0,423
data:FromIoTWorX.Accumulated_Operation_Minutes,20201015T16:51:54.083,0,424
data:FromIoTWorX.DC Bus Voltage,20201015T16:51:08.890,0,312.6
data:FromIoTWorX.DC Bus Voltage,20201015T16:51:23.613,0,312.6
data:FromIoTWorX.DC Bus Voltage,20201015T16:51:38.817,0,312.6
data:FromIoTWorX.DC Bus Voltage,20201015T16:51:54.081,0,312.6
data:FromIoTWorX.Frequency Command CMD,20201015T16:51:08.894,0,0
data:FromIoTWorX.Frequency Command CMD,20201015T16:51:23.614,0,0
data:FromIoTWorX.Frequency Command CMD,20201015T16:51:38.818,0,0
data:FromIoTWorX.Frequency Command CMD,20201015T16:51:54.082,0,0
data:FromIoTWorX.Power Consumed,20201015T16:51:08.898,0,11.0657
data:FromIoTWorX.Power Consumed,20201015T16:51:23.620,0,11.0657
data:FromIoTWorX.Power Consumed,20201015T16:51:38.823,0,11.0657
data:FromIoTWorX.Power Consumed,20201015T16:51:54.085,0,11.0657
data:FromIoTWorX.Motor Speed,20201015T16:52:09.265,0,0
data:FromIoTWorX.Motor Speed,20201015T16:52:24.405,0,0
data:FromIoTWorX.Motor Speed,20201015T16:52:39.541,0,0
data:FromIoTWorX.Motor Speed,20201015T16:52:54.259,0,0
data:FromIoTWorX.Accumulated_Operation_Minutes,20201015T16:52:09.274,0,424
data:FromIoTWorX.Accumulated_Operation_Minutes,20201015T16:52:24.411,0,424
data:FromIoTWorX.Accumulated_Operation_Minutes,20201015T16:52:39.546,0,424
data:FromIoTWorX.Accumulated_Operation_Minutes,20201015T16:52:54.271,0,425
data:FromIoTWorX.DC Bus Voltage,20201015T16:52:09.271,0,312.6
data:FromIoTWorX.DC Bus Voltage,20201015T16:52:24.409,0,312.6
data:FromIoTWorX.DC Bus Voltage,20201015T16:52:39.542,0,312.6
data:FromIoTWorX.DC Bus Voltage,20201015T16:52:54.261,0,312.6
data:FromIoTWorX.Frequency Command CMD,20201015T16:52:09.272,0,0
data:FromIoTWorX.Frequency Command CMD,20201015T16:52:24.410,0,0
data:FromIoTWorX.Frequency Command CMD,20201015T16:52:39.544,0,0
data:FromIoTWorX.Frequency Command CMD,20201015T16:52:54.269,0,0
data:FromIoTWorX.Power Consumed,20201015T16:52:09.276,0,11.0657
data:FromIoTWorX.Power Consumed,20201015T16:52:24.413,0,11.0657
data:FromIoTWorX.Power Consumed,20201015T16:52:39.554,0,11.0657
data:FromIoTWorX.Power Consumed,20201015T16:52:54.274,0,11.0657
data:FromIoTWorX.Motor Speed,20201015T16:53:09.501,0,0
data:FromIoTWorX.Motor Speed,20201015T16:53:24.721,0,0
data:FromIoTWorX.Motor Speed,20201015T16:53:39.555,0,0
data:FromIoTWorX.Motor Speed,20201015T16:53:54.873,0,0
data:FromIoTWorX.Accumulated_Operation_Minutes,20201015T16:53:09.503,0,425
data:FromIoTWorX.Accumulated_Operation_Minutes,20201015T16:53:24.725,0,425
data:FromIoTWorX.Accumulated_Operation_Minutes,20201015T16:53:39.562,0,425
data:FromIoTWorX.Accumulated_Operation_Minutes,20201015T16:53:54.877,0,426
data:FromIoTWorX.DC Bus Voltage,20201015T16:53:09.502,0,312.6
data:FromIoTWorX.DC Bus Voltage,20201015T16:53:24.722,0,312.6
data:FromIoTWorX.DC Bus Voltage,20201015T16:53:39.560,0,312.6
data:FromIoTWorX.DC Bus Voltage,20201015T16:53:54.874,0,312.6
data:FromIoTWorX.Frequency Command CMD,20201015T16:53:09.502,0,0
data:FromIoTWorX.Frequency Command CMD,20201015T16:53:24.724,0,0
data:FromIoTWorX.Frequency Command CMD,20201015T16:53:39.561,0,0
data:FromIoTWorX.Frequency Command CMD,20201015T16:53:54.876,0,0
data:FromIoTWorX.Power Consumed,20201015T16:53:09.506,0,11.0657
data:FromIoTWorX.Power Consumed,20201015T16:53:24.726,0,11.0657
data:FromIoTWorX.Power Consumed,20201015T16:53:39.564,0,11.0657
data:FromIoTWorX.Power Consumed,20201015T16:53:54.878,0,11.0657
data:FromIoTWorX.Motor Speed,20201015T16:54:10.031,0,0
data:FromIoTWorX.Motor Speed,20201015T16:54:25.244,0,0
data:FromIoTWorX.Motor Speed,20201015T16:54:39.979,0,0
data:FromIoTWorX.Motor Speed,20201015T16:54:55.240,0,0
data:FromIoTWorX.Accumulated_Operation_Minutes,20201015T16:54:10.043,0,426
data:FromIoTWorX.Accumulated_Operation_Minutes,20201015T16:54:25.249,0,426
data:FromIoTWorX.Accumulated_Operation_Minutes,20201015T16:54:39.991,0,426
data:FromIoTWorX.Accumulated_Operation_Minutes,20201015T16:54:55.248,0,427
data:FromIoTWorX.DC Bus Voltage,20201015T16:54:10.040,0,312.6
data:FromIoTWorX.DC Bus Voltage,20201015T16:54:25.245,0,312.6
data:FromIoTWorX.DC Bus Voltage,20201015T16:54:39.981,0,312.6
data:FromIoTWorX.DC Bus Voltage,20201015T16:54:55.245,0,312.6
data:FromIoTWorX.Frequency Command CMD,20201015T16:54:10.041,0,0
data:FromIoTWorX.Frequency Command CMD,20201015T16:54:25.246,0,0
data:FromIoTWorX.Frequency Command CMD,20201015T16:54:39.989,0,0
data:FromIoTWorX.Frequency Command CMD,20201015T16:54:55.246,0,0
data:FromIoTWorX.Power Consumed,20201015T16:54:10.046,0,11.0657
data:FromIoTWorX.Power Consumed,20201015T16:54:25.251,0,11.0657
data:FromIoTWorX.Power Consumed,20201015T16:54:39.995,0,11.0657
data:FromIoTWorX.Power Consumed,20201015T16:54:55.250,0,11.0657
data:FromIoTWorX.Motor Speed,20201015T16:55:10.433,0,0
data:FromIoTWorX.Motor Speed,20201015T16:55:25.621,0,0
data:FromIoTWorX.Motor Speed,20201015T16:55:40.915,0,0
data:FromIoTWorX.Motor Speed,20201015T16:55:55.651,0,0
data:FromIoTWorX.Accumulated_Operation_Minutes,20201015T16:55:10.435,0,427
data:FromIoTWorX.Accumulated_Operation_Minutes,20201015T16:55:25.623,0,427
data:FromIoTWorX.Accumulated_Operation_Minutes,20201015T16:55:40.919,0,427
data:FromIoTWorX.Accumulated_Operation_Minutes,20201015T16:55:55.652,0,428
data:FromIoTWorX.DC Bus Voltage,20201015T16:55:10.434,0,312.6
data:FromIoTWorX.DC Bus Voltage,20201015T16:55:25.622,0,312.6
data:FromIoTWorX.DC Bus Voltage,20201015T16:55:40.918,0,312.6
data:FromIoTWorX.DC Bus Voltage,20201015T16:55:55.651,0,312.6
data:FromIoTWorX.Frequency Command CMD,20201015T16:55:10.434,0,0
data:FromIoTWorX.Frequency Command CMD,20201015T16:55:25.622,0,0
data:FromIoTWorX.Frequency Command CMD,20201015T16:55:40.918,0,0
data:FromIoTWorX.Frequency Command CMD,20201015T16:55:55.651,0,0
data:FromIoTWorX.Power Consumed,20201015T16:55:10.436,0,11.0657
data:FromIoTWorX.Power Consumed,20201015T16:55:25.624,0,11.0657
data:FromIoTWorX.Power Consumed,20201015T16:55:40.920,0,11.0657
data:FromIoTWorX.Power Consumed,20201015T16:55:55.655,0,11.0657
data:FromIoTWorX.Motor Speed,20201015T16:56:10.822,0,0
data:FromIoTWorX.Motor Speed,20201015T16:56:25.977,0,0
data:FromIoTWorX.Motor Speed,20201015T16:56:41.197,0,0
data:FromIoTWorX.Motor Speed,20201015T16:56:56.334,0,0
data:FromIoTWorX.Accumulated_Operation_Minutes,20201015T16:56:10.824,0,428
data:FromIoTWorX.Accumulated_Operation_Minutes,20201015T16:56:25.985,0,428
data:FromIoTWorX.Accumulated_Operation_Minutes,20201015T16:56:41.201,0,428
data:FromIoTWorX.Accumulated_Operation_Minutes,20201015T16:56:56.337,0,429
data:FromIoTWorX.DC Bus Voltage,20201015T16:56:10.823,0,312.6
data:FromIoTWorX.DC Bus Voltage,20201015T16:56:25.982,0,312.6
data:FromIoTWorX.DC Bus Voltage,20201015T16:56:41.199,0,312.6
data:FromIoTWorX.DC Bus Voltage,20201015T16:56:56.335,0,312.6
data:FromIoTWorX.Frequency Command CMD,20201015T16:56:10.823,0,0
data:FromIoTWorX.Frequency Command CMD,20201015T16:56:25.983,0,0
data:FromIoTWorX.Frequency Command CMD,20201015T16:56:41.200,0,0
data:FromIoTWorX.Frequency Command CMD,20201015T16:56:56.335,0,0
data:FromIoTWorX.Power Consumed,20201015T16:56:10.825,0,11.0657
data:FromIoTWorX.Power Consumed,20201015T16:56:25.987,0,11.0657
data:FromIoTWorX.Power Consumed,20201015T16:56:41.203,0,11.0657
data:FromIoTWorX.Power Consumed,20201015T16:56:56.342,0,11.0657
data:FromIoTWorX.Motor Speed,20201015T16:57:11.593,0,0
data:FromIoTWorX.Motor Speed,20201015T16:57:27.488,0,0
data:FromIoTWorX.Motor Speed,20201015T16:57:42.377,0,0
data:FromIoTWorX.Motor Speed,20201015T16:57:58.654,0,0
data:FromIoTWorX.Accumulated_Operation_Minutes,20201015T16:57:11.597,0,429
data:FromIoTWorX.Accumulated_Operation_Minutes,20201015T16:57:27.490,0,429
data:FromIoTWorX.Accumulated_Operation_Minutes,20201015T16:57:42.389,0,429
data:FromIoTWorX.Accumulated_Operation_Minutes,20201015T16:57:58.656,0,430
data:FromIoTWorX.DC Bus Voltage,20201015T16:57:11.594,0,312.6
data:FromIoTWorX.DC Bus Voltage,20201015T16:57:27.489,0,312.6
data:FromIoTWorX.DC Bus Voltage,20201015T16:57:42.386,0,312.6
data:FromIoTWorX.DC Bus Voltage,20201015T16:57:58.655,0,312.6
data:FromIoTWorX.Frequency Command CMD,20201015T16:57:11.594,0,0
data:FromIoTWorX.Frequency Command CMD,20201015T16:57:27.489,0,0
data:FromIoTWorX.Frequency Command CMD,20201015T16:57:42.388,0,0
data:FromIoTWorX.Frequency Command CMD,20201015T16:57:58.655,0,0
data:FromIoTWorX.Power Consumed,20201015T16:57:11.598,0,11.0657
data:FromIoTWorX.Power Consumed,20201015T16:57:27.491,0,11.0657
data:FromIoTWorX.Power Consumed,20201015T16:57:42.390,0,11.0657
data:FromIoTWorX.Power Consumed,20201015T16:57:58.657,0,11.0657
data:FromIoTWorX.Motor Speed,20201015T16:58:14.135,0,0
data:FromIoTWorX.Motor Speed,20201015T16:58:28.912,0,0
data:FromIoTWorX.Motor Speed,20201015T16:58:44.508,0,0
data:FromIoTWorX.Accumulated_Operation_Minutes,20201015T16:58:14.139,0,430
data:FromIoTWorX.Accumulated_Operation_Minutes,20201015T16:58:28.916,0,430
data:FromIoTWorX.Accumulated_Operation_Minutes,20201015T16:58:44.510,0,430
data:FromIoTWorX.DC Bus Voltage,20201015T16:58:14.136,0,312.6
data:FromIoTWorX.DC Bus Voltage,20201015T16:58:28.913,0,312.6
data:FromIoTWorX.DC Bus Voltage,20201015T16:58:44.509,0,312.6
data:FromIoTWorX.Frequency Command CMD,20201015T16:58:14.138,0,0
data:FromIoTWorX.Frequency Command CMD,20201015T16:58:28.913,0,0
data:FromIoTWorX.Frequency Command CMD,20201015T16:58:44.509,0,0
data:FromIoTWorX.Power Consumed,20201015T16:58:14.140,0,11.0657
data:FromIoTWorX.Power Consumed,20201015T16:58:28.917,0,11.0657
data:FromIoTWorX.Power Consumed,20201015T16:58:44.511,0,11.0657
data:FromIoTWorX.Motor Speed,20201015T16:59:00.086,0,0
data:FromIoTWorX.Motor Speed,20201015T16:59:14.803,0,0
data:FromIoTWorX.Motor Speed,20201015T16:59:30.081,0,0
data:FromIoTWorX.Motor Speed,20201015T16:59:45.257,0,0
data:FromIoTWorX.Accumulated_Operation_Minutes,20201015T16:59:00.087,0,431
data:FromIoTWorX.Accumulated_Operation_Minutes,20201015T16:59:14.804,0,431
data:FromIoTWorX.Accumulated_Operation_Minutes,20201015T16:59:30.085,0,431
data:FromIoTWorX.Accumulated_Operation_Minutes,20201015T16:59:45.263,0,431
data:FromIoTWorX.DC Bus Voltage,20201015T16:59:00.086,0,312.6
data:FromIoTWorX.DC Bus Voltage,20201015T16:59:14.803,0,312.6
data:FromIoTWorX.DC Bus Voltage,20201015T16:59:30.082,0,312.6
data:FromIoTWorX.DC Bus Voltage,20201015T16:59:45.257,0,312.6
data:FromIoTWorX.Frequency Command CMD,20201015T16:59:00.086,0,0
data:FromIoTWorX.Frequency Command CMD,20201015T16:59:14.804,0,0
data:FromIoTWorX.Frequency Command CMD,20201015T16:59:30.084,0,0
data:FromIoTWorX.Frequency Command CMD,20201015T16:59:45.262,0,0
data:FromIoTWorX.Power Consumed,20201015T16:59:00.088,0,11.0657
data:FromIoTWorX.Power Consumed,20201015T16:59:14.805,0,11.0657
data:FromIoTWorX.Power Consumed,20201015T16:59:30.086,0,11.0657
data:FromIoTWorX.Power Consumed,20201015T16:59:45.264,0,11.0657
data:FromIoTWorX.Motor Speed,20201015T17:00:00.409,0,0
data:FromIoTWorX.Motor Speed,20201015T17:00:15.581,0,0
data:FromIoTWorX.Motor Speed,20201015T17:00:30.321,0,0
data:FromIoTWorX.Motor Speed,20201015T17:00:45.740,0,0
data:FromIoTWorX.Accumulated_Operation_Minutes,20201015T17:00:00.414,0,432
data:FromIoTWorX.Accumulated_Operation_Minutes,20201015T17:00:15.586,0,432
data:FromIoTWorX.Accumulated_Operation_Minutes,20201015T17:00:30.324,0,432
data:FromIoTWorX.Accumulated_Operation_Minutes,20201015T17:00:45.744,0,432
data:FromIoTWorX.DC Bus Voltage,20201015T17:00:00.410,0,312.6
data:FromIoTWorX.DC Bus Voltage,20201015T17:00:15.585,0,312.6
data:FromIoTWorX.DC Bus Voltage,20201015T17:00:30.322,0,312.6
data:FromIoTWorX.DC Bus Voltage,20201015T17:00:45.740,0,312.6
data:FromIoTWorX.Frequency Command CMD,20201015T17:00:00.413,0,0
data:FromIoTWorX.Frequency Command CMD,20201015T17:00:15.585,0,0
data:FromIoTWorX.Frequency Command CMD,20201015T17:00:30.323,0,0
data:FromIoTWorX.Frequency Command CMD,20201015T17:00:45.741,0,0
data:FromIoTWorX.Power Consumed,20201015T17:00:00.414,0,11.0657
data:FromIoTWorX.Power Consumed,20201015T17:00:15.587,0,11.0657
data:FromIoTWorX.Power Consumed,20201015T17:00:30.331,0,11.0657
data:FromIoTWorX.Power Consumed,20201015T17:00:45.745,0,11.0657
data:FromIoTWorX.Motor Speed,20201015T17:01:00.898,0,0
data:FromIoTWorX.Motor Speed,20201015T17:01:15.537,0,0
data:FromIoTWorX.Motor Speed,20201015T17:01:30.726,0,0
data:FromIoTWorX.Motor Speed,20201015T17:01:45.952,0,0
data:FromIoTWorX.Accumulated_Operation_Minutes,20201015T17:01:00.905,0,433
data:FromIoTWorX.Accumulated_Operation_Minutes,20201015T17:01:15.542,0,433
data:FromIoTWorX.Accumulated_Operation_Minutes,20201015T17:01:30.746,0,433
data:FromIoTWorX.Accumulated_Operation_Minutes,20201015T17:01:45.964,0,433
data:FromIoTWorX.DC Bus Voltage,20201015T17:01:00.903,0,312.6
data:FromIoTWorX.DC Bus Voltage,20201015T17:01:15.537,0,312.6
data:FromIoTWorX.DC Bus Voltage,20201015T17:01:30.728,0,312.6
data:FromIoTWorX.DC Bus Voltage,20201015T17:01:45.954,0,312.6
data:FromIoTWorX.Frequency Command CMD,20201015T17:01:00.904,0,0
data:FromIoTWorX.Frequency Command CMD,20201015T17:01:15.541,0,0
data:FromIoTWorX.Frequency Command CMD,20201015T17:01:30.729,0,0
data:FromIoTWorX.Frequency Command CMD,20201015T17:01:45.962,0,0
data:FromIoTWorX.Power Consumed,20201015T17:01:00.906,0,11.0657
data:FromIoTWorX.Power Consumed,20201015T17:01:15.543,0,11.0657
data:FromIoTWorX.Power Consumed,20201015T17:01:30.749,0,11.0657
data:FromIoTWorX.Power Consumed,20201015T17:01:45.966,0,11.0657
data:FromIoTWorX.Motor Speed,20201015T17:02:01.129,0,0
data:FromIoTWorX.Motor Speed,20201015T17:02:15.894,0,0
data:FromIoTWorX.Motor Speed,20201015T17:02:31.131,0,307
data:FromIoTWorX.Motor Speed,20201015T17:02:46.384,0,307
data:FromIoTWorX.Accumulated_Operation_Minutes,20201015T17:02:01.137,0,434
data:FromIoTWorX.Accumulated_Operation_Minutes,20201015T17:02:15.899,0,434
data:FromIoTWorX.Accumulated_Operation_Minutes,20201015T17:02:31.144,0,434
data:FromIoTWorX.Accumulated_Operation_Minutes,20201015T17:02:46.405,0,434
data:FromIoTWorX.DC Bus Voltage,20201015T17:02:01.130,0,312.6
data:FromIoTWorX.DC Bus Voltage,20201015T17:02:15.898,0,312.6
data:FromIoTWorX.DC Bus Voltage,20201015T17:02:31.141,0,312.6
data:FromIoTWorX.DC Bus Voltage,20201015T17:02:46.386,0,312.6
data:FromIoTWorX.Frequency Command CMD,20201015T17:02:01.131,0,0
data:FromIoTWorX.Frequency Command CMD,20201015T17:02:15.899,0,0
data:FromIoTWorX.Frequency Command CMD,20201015T17:02:26.060,0,28
data:FromIoTWorX.Frequency Command CMD,20201015T17:02:31.143,0,28
data:FromIoTWorX.Frequency Command CMD,20201015T17:02:46.403,0,28
data:FromIoTWorX.Power Consumed,20201015T17:02:01.139,0,11.0657
data:FromIoTWorX.Power Consumed,20201015T17:02:15.900,0,11.0657
data:FromIoTWorX.Power Consumed,20201015T17:02:31.146,0,11.0657
data:FromIoTWorX.Power Consumed,20201015T17:02:46.408,0,11.0657
data:FromIoTWorX.Motor Speed,20201015T17:03:01.504,0,839
data:FromIoTWorX.Motor Speed,20201015T17:03:16.654,0,839
data:FromIoTWorX.Motor Speed,20201015T17:03:31.350,0,839
data:FromIoTWorX.Motor Speed,20201015T17:03:46.570,0,839
data:FromIoTWorX.Accumulated_Operation_Minutes,20201015T17:03:01.509,0,435
data:FromIoTWorX.Accumulated_Operation_Minutes,20201015T17:03:16.658,0,435
data:FromIoTWorX.Accumulated_Operation_Minutes,20201015T17:03:31.360,0,435
data:FromIoTWorX.Accumulated_Operation_Minutes,20201015T17:03:46.577,0,435
data:FromIoTWorX.DC Bus Voltage,20201015T17:03:01.505,0,312.6
data:FromIoTWorX.DC Bus Voltage,20201015T17:03:16.657,0,312.6
data:FromIoTWorX.DC Bus Voltage,20201015T17:03:31.351,0,312.6
data:FromIoTWorX.DC Bus Voltage,20201015T17:03:46.571,0,312.6
data:FromIoTWorX.Frequency Command CMD,20201015T17:03:01.505,0,28
data:FromIoTWorX.Frequency Command CMD,20201015T17:03:16.657,0,28
data:FromIoTWorX.Frequency Command CMD,20201015T17:03:31.351,0,28
data:FromIoTWorX.Frequency Command CMD,20201015T17:03:46.571,0,28
data:FromIoTWorX.Power Consumed,20201015T17:03:01.511,0,11.0657
data:FromIoTWorX.Power Consumed,20201015T17:03:16.659,0,11.0657
data:FromIoTWorX.Power Consumed,20201015T17:03:31.364,0,11.0657
data:FromIoTWorX.Power Consumed,20201015T17:03:46.578,0,11.0657
data:FromIoTWorX.Motor Speed,20201015T17:04:01.788,0,839
data:FromIoTWorX.Motor Speed,20201015T17:04:16.972,0,839
data:FromIoTWorX.Motor Speed,20201015T17:04:32.182,0,839
data:FromIoTWorX.Motor Speed,20201015T17:04:46.960,0,839
data:FromIoTWorX.Accumulated_Operation_Minutes,20201015T17:04:01.791,0,436
data:FromIoTWorX.Accumulated_Operation_Minutes,20201015T17:04:16.976,0,436
data:FromIoTWorX.Accumulated_Operation_Minutes,20201015T17:04:32.186,0,436
data:FromIoTWorX.Accumulated_Operation_Minutes,20201015T17:04:46.962,0,436
data:FromIoTWorX.DC Bus Voltage,20201015T17:04:01.789,0,312.6
data:FromIoTWorX.DC Bus Voltage,20201015T17:04:16.973,0,312.6
data:FromIoTWorX.DC Bus Voltage,20201015T17:04:32.183,0,312.6
data:FromIoTWorX.DC Bus Voltage,20201015T17:04:46.961,0,312.6
data:FromIoTWorX.Frequency Command CMD,20201015T17:04:01.790,0,28
data:FromIoTWorX.Frequency Command CMD,20201015T17:04:16.975,0,28
data:FromIoTWorX.Frequency Command CMD,20201015T17:04:32.184,0,28
data:FromIoTWorX.Frequency Command CMD,20201015T17:04:46.961,0,28
data:FromIoTWorX.Power Consumed,20201015T17:04:01.793,0,11.0657
data:FromIoTWorX.Power Consumed,20201015T17:04:16.977,0,11.0657
data:FromIoTWorX.Power Consumed,20201015T17:04:32.188,0,11.0657
data:FromIoTWorX.Power Consumed,20201015T17:04:46.963,0,11.0657
data:FromIoTWorX.Motor Speed,20201015T17:05:02.193,0,839
data:FromIoTWorX.Motor Speed,20201015T17:05:17.330,0,839
data:FromIoTWorX.Motor Speed,20201015T17:05:32.521,0,839
data:FromIoTWorX.Motor Speed,20201015T17:05:47.710,0,839
data:FromIoTWorX.Accumulated_Operation_Minutes,20201015T17:05:02.197,0,437
data:FromIoTWorX.Accumulated_Operation_Minutes,20201015T17:05:17.334,0,437
data:FromIoTWorX.Accumulated_Operation_Minutes,20201015T17:05:32.525,0,437
data:FromIoTWorX.Accumulated_Operation_Minutes,20201015T17:05:47.714,0,437
data:FromIoTWorX.DC Bus Voltage,20201015T17:05:02.194,0,312.6
data:FromIoTWorX.DC Bus Voltage,20201015T17:05:17.333,0,312.6
data:FromIoTWorX.DC Bus Voltage,20201015T17:05:32.523,0,312.6
data:FromIoTWorX.DC Bus Voltage,20201015T17:05:47.710,0,312.6
data:FromIoTWorX.Frequency Command CMD,20201015T17:05:02.194,0,28
data:FromIoTWorX.Frequency Command CMD,20201015T17:05:17.333,0,28
data:FromIoTWorX.Frequency Command CMD,20201015T17:05:32.524,0,28
data:FromIoTWorX.Frequency Command CMD,20201015T17:05:46.675,0,54
data:FromIoTWorX.Frequency Command CMD,20201015T17:05:47.714,0,54
data:FromIoTWorX.Power Consumed,20201015T17:05:02.198,0,11.0657
data:FromIoTWorX.Power Consumed,20201015T17:05:17.335,0,11.0657
data:FromIoTWorX.Power Consumed,20201015T17:05:32.526,0,11.0657
data:FromIoTWorX.Power Consumed,20201015T17:05:47.715,0,11.0657
data:FromIoTWorX.Motor Speed,20201015T17:06:02.413,0,1618
data:FromIoTWorX.Motor Speed,20201015T17:06:17.622,0,1618
data:FromIoTWorX.Motor Speed,20201015T17:06:32.785,0,1618
data:FromIoTWorX.Motor Speed,20201015T17:06:47.993,0,1618
data:FromIoTWorX.Accumulated_Operation_Minutes,20201015T17:06:02.419,0,438
data:FromIoTWorX.Accumulated_Operation_Minutes,20201015T17:06:17.625,0,438
data:FromIoTWorX.Accumulated_Operation_Minutes,20201015T17:06:32.796,0,438
data:FromIoTWorX.Accumulated_Operation_Minutes,20201015T17:06:47.996,0,438
data:FromIoTWorX.DC Bus Voltage,20201015T17:06:02.414,0,312.6
data:FromIoTWorX.DC Bus Voltage,20201015T17:06:17.623,0,312.6
data:FromIoTWorX.DC Bus Voltage,20201015T17:06:32.787,0,312.6
data:FromIoTWorX.DC Bus Voltage,20201015T17:06:47.994,0,312.6
data:FromIoTWorX.Frequency Command CMD,20201015T17:06:02.415,0,54
data:FromIoTWorX.Frequency Command CMD,20201015T17:06:17.624,0,54
data:FromIoTWorX.Frequency Command CMD,20201015T17:06:32.788,0,54
data:FromIoTWorX.Frequency Command CMD,20201015T17:06:47.995,0,54
data:FromIoTWorX.Power Consumed,20201015T17:06:02.421,0,11.0657
data:FromIoTWorX.Power Consumed,20201015T17:06:17.631,0,11.0657
data:FromIoTWorX.Power Consumed,20201015T17:06:32.798,0,11.0657
data:FromIoTWorX.Power Consumed,20201015T17:06:47.997,0,11.0657
